week_start,campaign_id,spend,impressions,clicks
2026-08-03,C01,2000,80000,1000
2026-08-03,C02,3000,120000,1500
2026-08-03,C03,1000,40000,500
2026-08-03,C04,2500,100000,1250
2026-08-03,C05,1500,60000,750
2026-08-10,C01,2000,80000,1000
2026-08-10,C02,3000,120000,1500
2026-08-10,C03,1000,40000,500
2026-08-10,C04,2500,100000,1250
2026-08-10,C05,1500,60000,750
2026-08-17,C01,2000,80000,1000
2026-08-17,C02,3000,120000,1500
2026-08-17,C03,1000,40000,500
2026-08-17,C04,2500,100000,1250
2026-08-17,C05,1500,60000,750
2026-08-24,C01,2000,80000,1000
2026-08-24,C02,3000,120000,1500
2026-08-24,C03,1000,40000,500
2026-08-24,C04,2500,100000,1250
2026-08-24,C05,1500,60000,750
2026-08-31,C01,2000,80000,1000
2026-08-31,C02,3000,120000,1500
2026-08-31,C03,1000,40000,500
2026-08-31,C04,2500,100000,1250
2026-08-31,C05,1500,60000,750
2026-09-07,C01,2000,80000,1000
2026-09-07,C02,3000,120000,1500
2026-09-07,C03,1000,40000,500
2026-09-07,C04,2500,100000,1250
2026-09-07,C05,1500,60000,750
2026-09-14,C01,2000,80000,1000
2026-09-14,C02,3000,120000,1500
2026-09-14,C03,1000,40000,500
2026-09-14,C04,2500,100000,1250
2026-09-14,C05,1500,60000,750
2026-09-21,C01,2000,80000,1000
2026-09-21,C02,3000,120000,1500
2026-09-21,C03,1000,40000,500
2026-09-21,C04,2500,100000,1250
2026-09-21,C05,1500,60000,750
