order_id,order_date,campaign_id,status,amount
O1,2026-08-07,C01,completed,157
O2,2026-08-07,C01,completed,132
O3,2026-08-04,C01,completed,159
O4,2026-08-06,C01,completed,160
O5,2026-08-08,C01,completed,106
O6,2026-08-06,C01,completed,139
O7,2026-08-03,C01,completed,156
O8,2026-08-03,C01,completed,93
O9,2026-08-04,C01,completed,105
O10,2026-08-08,C01,completed,93
O11,2026-08-04,C01,completed,129
O12,2026-08-08,C01,completed,126
O13,2026-08-03,C01,completed,134
O14,2026-08-07,C01,completed,141
O15,2026-08-04,C01,completed,149
O16,2026-08-09,C01,completed,107
O17,2026-08-04,C01,completed,97
O18,2026-08-07,C01,completed,145
O19,2026-08-09,C01,completed,165
O20,2026-08-06,C01,cancelled,102
O21,2026-08-03,C01,completed,119
O22,2026-08-06,C01,completed,161
O23,2026-08-03,C01,completed,164
O24,2026-08-04,C01,completed,105
O25,2026-08-06,C01,completed,100
O26,2026-08-09,C02,completed,175
O27,2026-08-06,C02,completed,126
O28,2026-08-07,C02,completed,159
O29,2026-08-05,C02,completed,169
O30,2026-08-07,C02,cancelled,173
O31,2026-08-06,C02,completed,123
O32,2026-08-03,C02,completed,124
O33,2026-08-08,C02,cancelled,106
O34,2026-08-06,C02,completed,109
O35,2026-08-09,C02,completed,158
O36,2026-08-07,C02,completed,133
O37,2026-08-04,C02,completed,126
O38,2026-08-04,C02,completed,172
O39,2026-08-05,C02,completed,131
O40,2026-08-03,C02,cancelled,129
O41,2026-08-03,C02,completed,151
O42,2026-08-09,C02,cancelled,116
O43,2026-08-07,C02,completed,113
O44,2026-08-03,C02,completed,158
O45,2026-08-05,C02,completed,126
O46,2026-08-03,C02,completed,181
O47,2026-08-07,C02,cancelled,112
O48,2026-08-04,C02,completed,123
O49,2026-08-05,C02,completed,133
O50,2026-08-07,C02,completed,126
O51,2026-08-09,C02,completed,140
O52,2026-08-07,C02,completed,148
O53,2026-08-04,C02,completed,123
O54,2026-08-05,C02,completed,117
O55,2026-08-04,C02,completed,124
O56,2026-08-03,C02,completed,102
O57,2026-08-07,C02,completed,138
O58,2026-08-05,C02,completed,175
O59,2026-08-08,C02,completed,111
O60,2026-08-09,C02,completed,169
O61,2026-08-09,C02,completed,110
O62,2026-08-07,C02,completed,116
O63,2026-08-05,C02,completed,181
O64,2026-08-06,C02,cancelled,169
O65,2026-08-08,C02,completed,104
O66,2026-08-04,C03,completed,100
O67,2026-08-08,C03,cancelled,107
O68,2026-08-07,C03,completed,109
O69,2026-08-07,C03,completed,87
O70,2026-08-09,C03,completed,82
O71,2026-08-09,C03,completed,81
O72,2026-08-08,C03,completed,83
O73,2026-08-03,C03,completed,98
O74,2026-08-08,C03,cancelled,110
O75,2026-08-06,C03,completed,71
O76,2026-08-04,C03,completed,66
O77,2026-08-05,C03,completed,94
O78,2026-08-08,C03,completed,105
O79,2026-08-04,C03,completed,91
O80,2026-08-06,C03,completed,88
O81,2026-08-05,C03,completed,80
O82,2026-08-04,C03,completed,77
O83,2026-08-06,C03,completed,98
O84,2026-08-06,C03,completed,63
O85,2026-08-04,C03,cancelled,67
O86,2026-08-09,C04,completed,120
O87,2026-08-03,C04,completed,88
O88,2026-08-05,C04,completed,135
O89,2026-08-06,C04,completed,154
O90,2026-08-08,C04,completed,141
O91,2026-08-06,C04,completed,122
O92,2026-08-04,C04,completed,91
O93,2026-08-03,C04,completed,132
O94,2026-08-07,C04,completed,154
O95,2026-08-03,C04,completed,108
O96,2026-08-04,C04,completed,123
O97,2026-08-04,C04,cancelled,153
O98,2026-08-04,C04,completed,146
O99,2026-08-09,C04,completed,125
O100,2026-08-08,C04,completed,120
O101,2026-08-08,C04,completed,133
O102,2026-08-06,C04,completed,154
O103,2026-08-09,C04,completed,106
O104,2026-08-07,C04,completed,146
O105,2026-08-05,C04,cancelled,107
O106,2026-08-09,C04,completed,108
O107,2026-08-06,C04,completed,128
O108,2026-08-09,C04,completed,95
O109,2026-08-05,C04,cancelled,119
O110,2026-08-04,C04,completed,140
O111,2026-08-08,C04,completed,97
O112,2026-08-08,C04,cancelled,123
O113,2026-08-06,C04,completed,120
O114,2026-08-09,C04,completed,114
O115,2026-08-06,C04,completed,136
O116,2026-08-06,C04,completed,96
O117,2026-08-03,C04,completed,111
O118,2026-08-08,C04,completed,133
O119,2026-08-03,C04,completed,103
O120,2026-08-07,C04,completed,146
O121,2026-08-07,C05,cancelled,123
O122,2026-08-05,C05,completed,108
O123,2026-08-04,C05,completed,87
O124,2026-08-04,C05,completed,101
O125,2026-08-06,C05,completed,77
O126,2026-08-08,C05,completed,125
O127,2026-08-03,C05,completed,72
O128,2026-08-05,C05,completed,84
O129,2026-08-09,C05,completed,120
O130,2026-08-05,C05,completed,72
O131,2026-08-08,C05,completed,93
O132,2026-08-04,C05,completed,100
O133,2026-08-10,C01,completed,151
O134,2026-08-13,C01,cancelled,153
O135,2026-08-13,C01,cancelled,105
O136,2026-08-11,C01,completed,144
O137,2026-08-11,C01,completed,110
O138,2026-08-10,C01,completed,138
O139,2026-08-13,C01,completed,163
O140,2026-08-13,C01,completed,95
O141,2026-08-16,C01,completed,113
O142,2026-08-10,C01,completed,147
O143,2026-08-15,C01,completed,158
O144,2026-08-13,C01,completed,141
O145,2026-08-13,C01,completed,157
O146,2026-08-10,C01,completed,169
O147,2026-08-11,C01,completed,131
O148,2026-08-14,C01,completed,144
O149,2026-08-11,C01,cancelled,156
O150,2026-08-12,C01,completed,131
O151,2026-08-15,C01,completed,129
O152,2026-08-11,C01,completed,94
O153,2026-08-16,C01,completed,124
O154,2026-08-11,C01,completed,94
O155,2026-08-14,C01,completed,161
O156,2026-08-15,C01,completed,154
O157,2026-08-10,C01,completed,134
O158,2026-08-13,C02,completed,138
O159,2026-08-13,C02,completed,99
O160,2026-08-14,C02,completed,156
O161,2026-08-11,C02,completed,159
O162,2026-08-16,C02,completed,150
O163,2026-08-16,C02,completed,102
O164,2026-08-13,C02,completed,135
O165,2026-08-13,C02,completed,108
O166,2026-08-15,C02,completed,177
O167,2026-08-15,C02,completed,99
O168,2026-08-16,C02,completed,141
O169,2026-08-13,C02,completed,145
O170,2026-08-14,C02,cancelled,154
O171,2026-08-16,C02,cancelled,179
O172,2026-08-15,C02,cancelled,166
O173,2026-08-11,C02,completed,181
O174,2026-08-10,C02,completed,171
O175,2026-08-14,C02,completed,126
O176,2026-08-15,C02,completed,176
O177,2026-08-14,C02,completed,111
O178,2026-08-12,C02,completed,102
O179,2026-08-10,C02,completed,150
O180,2026-08-12,C02,completed,180
O181,2026-08-12,C02,completed,160
O182,2026-08-10,C02,completed,172
O183,2026-08-11,C02,completed,174
O184,2026-08-13,C02,completed,169
O185,2026-08-14,C02,completed,137
O186,2026-08-13,C02,cancelled,113
O187,2026-08-14,C02,completed,152
O188,2026-08-15,C02,completed,148
O189,2026-08-15,C02,completed,147
O190,2026-08-11,C02,cancelled,113
O191,2026-08-14,C02,completed,146
O192,2026-08-13,C02,completed,173
O193,2026-08-15,C02,completed,103
O194,2026-08-10,C03,cancelled,63
O195,2026-08-10,C03,completed,66
O196,2026-08-15,C03,completed,63
O197,2026-08-12,C03,completed,82
O198,2026-08-11,C03,completed,98
O199,2026-08-10,C03,completed,95
O200,2026-08-15,C03,completed,85
O201,2026-08-14,C03,completed,95
O202,2026-08-11,C03,completed,101
O203,2026-08-15,C03,completed,113
O204,2026-08-16,C03,completed,95
O205,2026-08-12,C03,completed,116
O206,2026-08-16,C03,completed,82
O207,2026-08-16,C03,completed,113
O208,2026-08-11,C03,completed,80
O209,2026-08-16,C03,completed,116
O210,2026-08-10,C03,completed,96
O211,2026-08-16,C03,completed,115
O212,2026-08-11,C03,cancelled,80
O213,2026-08-13,C03,completed,75
O214,2026-08-12,C03,cancelled,97
O215,2026-08-12,C04,completed,110
O216,2026-08-13,C04,completed,125
O217,2026-08-16,C04,completed,123
O218,2026-08-16,C04,completed,146
O219,2026-08-13,C04,completed,117
O220,2026-08-14,C04,completed,129
O221,2026-08-12,C04,completed,84
O222,2026-08-14,C04,completed,108
O223,2026-08-10,C04,completed,131
O224,2026-08-11,C04,completed,117
O225,2026-08-14,C04,completed,135
O226,2026-08-11,C04,completed,129
O227,2026-08-12,C04,completed,128
O228,2026-08-13,C04,completed,90
O229,2026-08-11,C04,completed,148
O230,2026-08-16,C04,cancelled,118
O231,2026-08-11,C04,completed,128
O232,2026-08-15,C04,cancelled,113
O233,2026-08-12,C04,completed,149
O234,2026-08-14,C04,completed,87
O235,2026-08-16,C04,completed,122
O236,2026-08-13,C04,completed,154
O237,2026-08-13,C04,completed,122
O238,2026-08-16,C04,cancelled,90
O239,2026-08-11,C04,cancelled,112
O240,2026-08-14,C04,completed,116
O241,2026-08-12,C04,completed,108
O242,2026-08-14,C04,cancelled,147
O243,2026-08-11,C04,completed,119
O244,2026-08-13,C04,completed,125
O245,2026-08-12,C04,cancelled,100
O246,2026-08-13,C04,completed,95
O247,2026-08-10,C05,completed,90
O248,2026-08-15,C05,completed,97
O249,2026-08-12,C05,cancelled,114
O250,2026-08-13,C05,completed,115
O251,2026-08-12,C05,completed,86
O252,2026-08-10,C05,completed,93
O253,2026-08-10,C05,cancelled,73
O254,2026-08-15,C05,completed,74
O255,2026-08-14,C05,cancelled,81
O256,2026-08-15,C05,completed,128
O257,2026-08-13,C05,completed,71
O258,2026-08-12,C05,completed,93
O259,2026-08-20,C01,completed,92
O260,2026-08-23,C01,completed,109
O261,2026-08-17,C01,completed,145
O262,2026-08-22,C01,cancelled,157
O263,2026-08-23,C01,completed,146
O264,2026-08-20,C01,completed,107
O265,2026-08-17,C01,completed,162
O266,2026-08-23,C01,completed,102
O267,2026-08-17,C01,cancelled,143
O268,2026-08-21,C01,completed,141
O269,2026-08-21,C01,completed,92
O270,2026-08-22,C01,completed,132
O271,2026-08-19,C01,completed,112
O272,2026-08-23,C01,cancelled,134
O273,2026-08-18,C01,completed,154
O274,2026-08-17,C01,cancelled,117
O275,2026-08-23,C01,cancelled,151
O276,2026-08-18,C01,completed,113
O277,2026-08-17,C01,completed,133
O278,2026-08-21,C01,completed,137
O279,2026-08-17,C01,cancelled,144
O280,2026-08-21,C01,completed,154
O281,2026-08-18,C01,completed,99
O282,2026-08-23,C01,completed,109
O283,2026-08-21,C01,completed,135
O284,2026-08-19,C02,completed,128
O285,2026-08-20,C02,completed,105
O286,2026-08-21,C02,completed,152
O287,2026-08-23,C02,cancelled,139
O288,2026-08-22,C02,completed,137
O289,2026-08-21,C02,completed,114
O290,2026-08-23,C02,cancelled,134
O291,2026-08-23,C02,cancelled,106
O292,2026-08-20,C02,cancelled,121
O293,2026-08-20,C02,completed,127
O294,2026-08-22,C02,completed,178
O295,2026-08-17,C02,cancelled,160
O296,2026-08-20,C02,completed,120
O297,2026-08-19,C02,completed,115
O298,2026-08-17,C02,completed,111
O299,2026-08-18,C02,completed,165
O300,2026-08-17,C02,completed,144
O301,2026-08-20,C02,completed,152
O302,2026-08-21,C02,completed,164
O303,2026-08-23,C02,completed,154
O304,2026-08-20,C02,completed,148
O305,2026-08-23,C02,completed,133
O306,2026-08-19,C02,completed,155
O307,2026-08-19,C02,completed,152
O308,2026-08-22,C02,completed,181
O309,2026-08-23,C02,cancelled,148
O310,2026-08-20,C02,completed,170
O311,2026-08-18,C02,completed,149
O312,2026-08-17,C02,completed,159
O313,2026-08-18,C02,completed,113
O314,2026-08-19,C02,cancelled,138
O315,2026-08-22,C02,cancelled,166
O316,2026-08-18,C03,completed,83
O317,2026-08-18,C03,completed,102
O318,2026-08-22,C03,cancelled,89
O319,2026-08-18,C03,completed,97
O320,2026-08-18,C03,cancelled,106
O321,2026-08-21,C03,completed,91
O322,2026-08-23,C03,completed,115
O323,2026-08-22,C03,completed,110
O324,2026-08-22,C03,completed,76
O325,2026-08-17,C03,completed,84
O326,2026-08-20,C03,cancelled,85
O327,2026-08-19,C03,completed,65
O328,2026-08-19,C03,cancelled,115
O329,2026-08-20,C03,completed,74
O330,2026-08-17,C03,cancelled,78
O331,2026-08-19,C03,cancelled,99
O332,2026-08-18,C03,completed,74
O333,2026-08-18,C03,cancelled,116
O334,2026-08-21,C03,completed,104
O335,2026-08-18,C03,completed,88
O336,2026-08-21,C03,completed,89
O337,2026-08-20,C03,completed,99
O338,2026-08-18,C04,completed,142
O339,2026-08-21,C04,completed,108
O340,2026-08-18,C04,cancelled,91
O341,2026-08-20,C04,completed,104
O342,2026-08-17,C04,completed,89
O343,2026-08-22,C04,completed,101
O344,2026-08-21,C04,completed,122
O345,2026-08-22,C04,cancelled,96
O346,2026-08-17,C04,completed,141
O347,2026-08-20,C04,completed,104
O348,2026-08-18,C04,completed,117
O349,2026-08-17,C04,completed,129
O350,2026-08-22,C04,completed,153
O351,2026-08-20,C04,cancelled,150
O352,2026-08-21,C04,cancelled,110
O353,2026-08-18,C04,completed,120
O354,2026-08-21,C04,completed,154
O355,2026-08-23,C04,completed,154
O356,2026-08-18,C04,completed,89
O357,2026-08-19,C04,completed,130
O358,2026-08-23,C04,completed,138
O359,2026-08-22,C04,cancelled,142
O360,2026-08-23,C04,completed,149
O361,2026-08-19,C04,completed,87
O362,2026-08-19,C04,completed,137
O363,2026-08-18,C04,completed,100
O364,2026-08-22,C04,completed,85
O365,2026-08-18,C04,completed,152
O366,2026-08-23,C05,completed,90
O367,2026-08-23,C05,completed,84
O368,2026-08-19,C05,completed,105
O369,2026-08-23,C05,completed,118
O370,2026-08-22,C05,completed,113
O371,2026-08-18,C05,completed,95
O372,2026-08-18,C05,cancelled,79
O373,2026-08-20,C05,completed,90
O374,2026-08-23,C05,cancelled,113
O375,2026-08-18,C05,completed,100
O376,2026-08-23,C05,completed,120
O377,2026-08-17,C05,completed,107
O378,2026-08-26,C01,completed,140
O379,2026-08-30,C01,completed,97
O380,2026-08-24,C01,completed,110
O381,2026-08-30,C01,cancelled,122
O382,2026-08-27,C01,completed,130
O383,2026-08-25,C01,completed,145
O384,2026-08-27,C01,completed,167
O385,2026-08-27,C01,completed,161
O386,2026-08-27,C01,completed,100
O387,2026-08-25,C01,completed,167
O388,2026-08-26,C01,completed,108
O389,2026-08-27,C01,completed,118
O390,2026-08-27,C01,completed,96
O391,2026-08-27,C01,completed,101
O392,2026-08-24,C01,completed,109
O393,2026-08-27,C01,cancelled,159
O394,2026-08-28,C01,completed,140
O395,2026-08-25,C01,cancelled,107
O396,2026-08-28,C01,completed,131
O397,2026-08-28,C01,completed,142
O398,2026-08-27,C01,completed,129
O399,2026-08-25,C01,completed,127
O400,2026-08-24,C01,completed,117
O401,2026-08-25,C01,completed,116
O402,2026-08-25,C01,completed,94
O403,2026-08-27,C02,completed,154
O404,2026-08-27,C02,completed,145
O405,2026-08-24,C02,completed,167
O406,2026-08-25,C02,completed,132
O407,2026-08-29,C02,completed,140
O408,2026-08-29,C02,completed,131
O409,2026-08-25,C02,completed,176
O410,2026-08-30,C02,completed,165
O411,2026-08-28,C02,completed,113
O412,2026-08-24,C02,cancelled,158
O413,2026-08-27,C02,completed,122
O414,2026-08-28,C02,cancelled,124
O415,2026-08-26,C02,cancelled,172
O416,2026-08-29,C02,completed,142
O417,2026-08-30,C02,completed,107
O418,2026-08-24,C02,completed,122
O419,2026-08-29,C02,cancelled,149
O420,2026-08-24,C02,cancelled,126
O421,2026-08-28,C02,completed,139
O422,2026-08-29,C02,completed,169
O423,2026-08-26,C02,completed,107
O424,2026-08-27,C02,completed,163
O425,2026-08-27,C02,completed,176
O426,2026-08-28,C02,completed,122
O427,2026-08-25,C02,completed,100
O428,2026-08-29,C02,completed,102
O429,2026-08-24,C02,completed,139
O430,2026-08-27,C02,completed,160
O431,2026-08-30,C03,completed,88
O432,2026-08-26,C03,completed,116
O433,2026-08-28,C03,completed,72
O434,2026-08-24,C03,completed,73
O435,2026-08-29,C03,completed,84
O436,2026-08-25,C03,completed,104
O437,2026-08-24,C03,completed,87
O438,2026-08-30,C03,completed,67
O439,2026-08-24,C03,cancelled,94
O440,2026-08-30,C03,completed,86
O441,2026-08-26,C03,completed,106
O442,2026-08-28,C03,completed,112
O443,2026-08-30,C03,completed,86
O444,2026-08-25,C03,completed,74
O445,2026-08-25,C03,completed,113
O446,2026-08-26,C03,cancelled,73
O447,2026-08-30,C03,completed,85
O448,2026-08-26,C03,completed,91
O449,2026-08-30,C03,completed,87
O450,2026-08-24,C03,completed,68
O451,2026-08-29,C03,completed,65
O452,2026-08-29,C03,completed,103
O453,2026-08-27,C03,completed,102
O454,2026-08-30,C04,completed,141
O455,2026-08-27,C04,completed,154
O456,2026-08-29,C04,completed,98
O457,2026-08-27,C04,completed,148
O458,2026-08-30,C04,completed,153
O459,2026-08-25,C04,completed,136
O460,2026-08-27,C04,completed,95
O461,2026-08-27,C04,completed,156
O462,2026-08-30,C04,completed,106
O463,2026-08-27,C04,completed,102
O464,2026-08-25,C04,completed,92
O465,2026-08-30,C04,completed,118
O466,2026-08-24,C04,completed,151
O467,2026-08-26,C04,completed,132
O468,2026-08-30,C04,completed,138
O469,2026-08-27,C04,completed,88
O470,2026-08-26,C04,completed,150
O471,2026-08-29,C04,completed,121
O472,2026-08-25,C04,completed,125
O473,2026-08-29,C04,completed,152
O474,2026-08-30,C04,completed,109
O475,2026-08-30,C04,completed,100
O476,2026-08-24,C04,completed,153
O477,2026-08-29,C04,completed,106
O478,2026-08-26,C04,completed,103
O479,2026-08-30,C05,completed,92
O480,2026-08-24,C05,completed,82
O481,2026-08-25,C05,cancelled,86
O482,2026-08-26,C05,completed,83
O483,2026-08-30,C05,completed,112
O484,2026-08-24,C05,cancelled,100
O485,2026-08-25,C05,completed,109
O486,2026-08-24,C05,completed,75
O487,2026-08-30,C05,completed,92
O488,2026-08-29,C05,completed,89
O489,2026-08-24,C05,completed,89
O490,2026-08-26,C05,completed,98
O491,2026-09-02,C01,completed,140
O492,2026-09-04,C01,completed,147
O493,2026-08-31,C01,completed,128
O494,2026-09-04,C01,completed,159
O495,2026-09-04,C01,completed,137
O496,2026-09-03,C01,cancelled,106
O497,2026-08-31,C01,completed,100
O498,2026-09-06,C01,cancelled,131
O499,2026-08-31,C01,cancelled,158
O500,2026-09-01,C01,completed,164
O501,2026-09-02,C01,completed,143
O502,2026-09-02,C01,completed,105
O503,2026-09-06,C01,cancelled,94
O504,2026-09-06,C01,completed,114
O505,2026-09-05,C01,cancelled,130
O506,2026-09-06,C01,completed,156
O507,2026-09-06,C01,completed,109
O508,2026-09-05,C01,cancelled,130
O509,2026-09-03,C01,completed,98
O510,2026-09-05,C01,cancelled,93
O511,2026-09-05,C01,completed,131
O512,2026-09-04,C01,completed,143
O513,2026-09-02,C01,completed,104
O514,2026-08-31,C01,completed,126
O515,2026-09-01,C01,completed,154
O516,2026-08-31,C02,completed,100
O517,2026-08-31,C02,cancelled,102
O518,2026-09-05,C02,completed,119
O519,2026-09-01,C02,completed,144
O520,2026-09-06,C02,completed,156
O521,2026-09-02,C02,completed,137
O522,2026-08-31,C02,completed,178
O523,2026-09-01,C02,completed,175
O524,2026-09-05,C02,completed,103
O525,2026-09-03,C02,completed,139
O526,2026-09-05,C02,completed,168
O527,2026-09-03,C02,completed,177
O528,2026-09-06,C02,completed,158
O529,2026-09-04,C02,completed,100
O530,2026-09-01,C02,completed,118
O531,2026-09-04,C02,completed,154
O532,2026-09-01,C02,cancelled,140
O533,2026-09-05,C02,completed,118
O534,2026-09-06,C02,completed,101
O535,2026-09-01,C02,completed,174
O536,2026-09-01,C02,completed,125
O537,2026-09-04,C02,completed,121
O538,2026-09-03,C02,completed,109
O539,2026-09-01,C02,completed,111
O540,2026-09-01,C03,completed,87
O541,2026-09-02,C03,completed,96
O542,2026-09-04,C03,completed,71
O543,2026-09-04,C03,completed,70
O544,2026-09-05,C03,completed,86
O545,2026-09-02,C03,completed,80
O546,2026-08-31,C03,completed,85
O547,2026-09-05,C03,completed,116
O548,2026-09-04,C03,completed,92
O549,2026-09-06,C03,completed,71
O550,2026-09-06,C03,cancelled,65
O551,2026-09-02,C03,cancelled,87
O552,2026-09-03,C03,completed,78
O553,2026-09-03,C03,completed,112
O554,2026-09-01,C03,completed,107
O555,2026-09-03,C03,completed,102
O556,2026-09-02,C03,completed,96
O557,2026-09-06,C03,completed,74
O558,2026-09-02,C03,completed,103
O559,2026-09-05,C03,completed,110
O560,2026-09-01,C03,completed,94
O561,2026-09-06,C03,completed,99
O562,2026-09-05,C03,completed,100
O563,2026-09-03,C03,completed,78
O564,2026-09-06,C04,completed,112
O565,2026-09-05,C04,completed,138
O566,2026-09-04,C04,completed,120
O567,2026-08-31,C04,completed,107
O568,2026-09-06,C04,cancelled,103
O569,2026-09-05,C04,completed,148
O570,2026-09-05,C04,completed,85
O571,2026-09-06,C04,completed,88
O572,2026-09-01,C04,completed,154
O573,2026-09-05,C04,completed,87
O574,2026-08-31,C04,cancelled,137
O575,2026-09-06,C04,cancelled,111
O576,2026-09-06,C04,cancelled,132
O577,2026-09-01,C04,completed,89
O578,2026-09-03,C04,completed,106
O579,2026-09-03,C04,completed,114
O580,2026-09-01,C04,completed,143
O581,2026-09-04,C04,completed,122
O582,2026-09-04,C04,completed,124
O583,2026-08-31,C04,completed,93
O584,2026-09-02,C04,completed,101
O585,2026-08-31,C05,cancelled,94
O586,2026-09-04,C05,completed,98
O587,2026-09-05,C05,cancelled,77
O588,2026-09-06,C05,cancelled,121
O589,2026-09-01,C05,completed,90
O590,2026-09-03,C05,completed,101
O591,2026-09-01,C05,completed,93
O592,2026-09-03,C05,completed,73
O593,2026-09-01,C05,completed,77
O594,2026-09-06,C05,completed,84
O595,2026-09-04,C05,completed,110
O596,2026-09-01,C05,completed,85
O597,2026-09-12,C01,completed,167
O598,2026-09-09,C01,completed,130
O599,2026-09-07,C01,completed,109
O600,2026-09-07,C01,completed,114
O601,2026-09-09,C01,completed,147
O602,2026-09-08,C01,completed,117
O603,2026-09-08,C01,cancelled,120
O604,2026-09-08,C01,completed,107
O605,2026-09-12,C01,completed,168
O606,2026-09-08,C01,completed,156
O607,2026-09-11,C01,completed,124
O608,2026-09-13,C01,completed,141
O609,2026-09-11,C01,completed,168
O610,2026-09-13,C01,cancelled,109
O611,2026-09-13,C01,completed,113
O612,2026-09-08,C01,completed,167
O613,2026-09-10,C01,completed,145
O614,2026-09-10,C01,completed,156
O615,2026-09-11,C01,completed,155
O616,2026-09-13,C01,completed,135
O617,2026-09-10,C01,completed,103
O618,2026-09-10,C01,completed,138
O619,2026-09-10,C01,completed,144
O620,2026-09-09,C01,completed,164
O621,2026-09-07,C01,completed,101
O622,2026-09-08,C02,completed,100
O623,2026-09-11,C02,cancelled,178
O624,2026-09-10,C02,completed,150
O625,2026-09-08,C02,completed,99
O626,2026-09-08,C02,completed,161
O627,2026-09-13,C02,completed,151
O628,2026-09-08,C02,completed,152
O629,2026-09-07,C02,completed,98
O630,2026-09-11,C02,completed,139
O631,2026-09-13,C02,cancelled,162
O632,2026-09-10,C02,completed,172
O633,2026-09-12,C02,completed,155
O634,2026-09-10,C02,completed,120
O635,2026-09-10,C02,cancelled,180
O636,2026-09-10,C02,completed,160
O637,2026-09-07,C02,completed,100
O638,2026-09-08,C02,cancelled,142
O639,2026-09-13,C02,completed,117
O640,2026-09-12,C02,completed,135
O641,2026-09-09,C02,completed,138
O642,2026-09-07,C03,completed,89
O643,2026-09-08,C03,completed,107
O644,2026-09-10,C03,completed,117
O645,2026-09-09,C03,completed,63
O646,2026-09-12,C03,completed,113
O647,2026-09-09,C03,completed,104
O648,2026-09-10,C03,completed,111
O649,2026-09-13,C03,completed,105
O650,2026-09-10,C03,completed,96
O651,2026-09-08,C03,completed,80
O652,2026-09-07,C03,completed,115
O653,2026-09-07,C03,completed,104
O654,2026-09-07,C03,cancelled,108
O655,2026-09-09,C03,completed,116
O656,2026-09-09,C03,cancelled,65
O657,2026-09-09,C03,completed,96
O658,2026-09-07,C03,cancelled,93
O659,2026-09-10,C03,completed,98
O660,2026-09-10,C03,cancelled,101
O661,2026-09-11,C03,completed,85
O662,2026-09-07,C03,completed,102
O663,2026-09-10,C03,cancelled,108
O664,2026-09-10,C03,cancelled,102
O665,2026-09-12,C03,completed,77
O666,2026-09-11,C03,completed,100
O667,2026-09-10,C04,cancelled,117
O668,2026-09-08,C04,completed,98
O669,2026-09-13,C04,completed,130
O670,2026-09-11,C04,completed,149
O671,2026-09-10,C04,completed,99
O672,2026-09-07,C04,completed,101
O673,2026-09-07,C04,cancelled,128
O674,2026-09-09,C04,completed,95
O675,2026-09-07,C04,completed,93
O676,2026-09-08,C04,completed,92
O677,2026-09-08,C04,completed,136
O678,2026-09-07,C04,cancelled,112
O679,2026-09-13,C04,completed,86
O680,2026-09-10,C04,completed,150
O681,2026-09-08,C04,cancelled,148
O682,2026-09-08,C04,completed,119
O683,2026-09-07,C04,cancelled,88
O684,2026-09-08,C04,completed,123
O685,2026-09-12,C05,cancelled,89
O686,2026-09-10,C05,completed,125
O687,2026-09-07,C05,completed,118
O688,2026-09-11,C05,cancelled,104
O689,2026-09-08,C05,completed,104
O690,2026-09-07,C05,completed,92
O691,2026-09-08,C05,completed,100
O692,2026-09-11,C05,completed,89
O693,2026-09-08,C05,completed,122
O694,2026-09-10,C05,completed,117
O695,2026-09-13,C05,completed,108
O696,2026-09-08,C05,completed,83
O697,2026-09-15,C01,completed,119
O698,2026-09-18,C01,completed,166
O699,2026-09-18,C01,completed,164
O700,2026-09-20,C01,completed,155
O701,2026-09-17,C01,completed,133
O702,2026-09-15,C01,cancelled,122
O703,2026-09-20,C01,cancelled,153
O704,2026-09-20,C01,completed,129
O705,2026-09-15,C01,completed,153
O706,2026-09-16,C01,completed,114
O707,2026-09-18,C01,completed,146
O708,2026-09-20,C01,cancelled,141
O709,2026-09-18,C01,completed,107
O710,2026-09-18,C01,completed,162
O711,2026-09-14,C01,completed,145
O712,2026-09-18,C01,completed,145
O713,2026-09-19,C01,completed,119
O714,2026-09-20,C01,completed,100
O715,2026-09-14,C01,completed,162
O716,2026-09-17,C01,completed,136
O717,2026-09-14,C01,completed,145
O718,2026-09-20,C01,cancelled,161
O719,2026-09-18,C01,completed,135
O720,2026-09-19,C01,completed,99
O721,2026-09-19,C01,completed,129
O722,2026-09-15,C02,completed,105
O723,2026-09-14,C02,completed,148
O724,2026-09-16,C02,completed,165
O725,2026-09-19,C02,completed,157
O726,2026-09-16,C02,completed,125
O727,2026-09-15,C02,completed,141
O728,2026-09-14,C02,cancelled,134
O729,2026-09-14,C02,completed,105
O730,2026-09-16,C02,completed,103
O731,2026-09-16,C02,completed,105
O732,2026-09-20,C02,cancelled,146
O733,2026-09-14,C02,completed,123
O734,2026-09-19,C02,completed,148
O735,2026-09-16,C02,completed,158
O736,2026-09-17,C02,completed,129
O737,2026-09-18,C02,completed,181
O738,2026-09-18,C03,cancelled,96
O739,2026-09-20,C03,completed,65
O740,2026-09-18,C03,cancelled,66
O741,2026-09-18,C03,completed,115
O742,2026-09-18,C03,completed,79
O743,2026-09-18,C03,cancelled,89
O744,2026-09-20,C03,completed,85
O745,2026-09-15,C03,completed,90
O746,2026-09-19,C03,completed,68
O747,2026-09-19,C03,completed,98
O748,2026-09-20,C03,completed,71
O749,2026-09-16,C03,completed,72
O750,2026-09-17,C03,completed,116
O751,2026-09-17,C03,completed,78
O752,2026-09-14,C03,cancelled,92
O753,2026-09-15,C03,completed,67
O754,2026-09-20,C03,completed,86
O755,2026-09-16,C03,completed,86
O756,2026-09-18,C03,completed,92
O757,2026-09-14,C03,completed,76
O758,2026-09-16,C03,completed,84
O759,2026-09-19,C03,completed,83
O760,2026-09-16,C03,completed,116
O761,2026-09-14,C03,completed,73
O762,2026-09-17,C03,completed,78
O763,2026-09-18,C03,completed,107
O764,2026-09-18,C04,cancelled,88
O765,2026-09-15,C04,completed,135
O766,2026-09-19,C04,completed,134
O767,2026-09-20,C04,completed,146
O768,2026-09-16,C04,completed,135
O769,2026-09-17,C04,completed,106
O770,2026-09-20,C04,completed,100
O771,2026-09-18,C04,cancelled,111
O772,2026-09-17,C04,completed,124
O773,2026-09-19,C04,completed,142
O774,2026-09-14,C04,completed,137
O775,2026-09-19,C04,cancelled,127
O776,2026-09-15,C04,completed,142
O777,2026-09-16,C04,completed,92
O778,2026-09-16,C05,completed,75
O779,2026-09-14,C05,completed,94
O780,2026-09-18,C05,completed,111
O781,2026-09-16,C05,completed,75
O782,2026-09-17,C05,completed,125
O783,2026-09-17,C05,completed,115
O784,2026-09-16,C05,completed,119
O785,2026-09-14,C05,completed,109
O786,2026-09-14,C05,cancelled,113
O787,2026-09-16,C05,completed,128
O788,2026-09-14,C05,completed,88
O789,2026-09-14,C05,completed,85
O790,2026-09-25,C01,completed,132
O791,2026-09-22,C01,completed,147
O792,2026-09-27,C01,cancelled,160
O793,2026-09-21,C01,completed,132
O794,2026-09-24,C01,completed,97
O795,2026-09-24,C01,completed,136
O796,2026-09-27,C01,completed,156
O797,2026-09-25,C01,completed,121
O798,2026-09-23,C01,completed,135
O799,2026-09-25,C01,completed,168
O800,2026-09-23,C01,completed,92
O801,2026-09-25,C01,cancelled,117
O802,2026-09-23,C01,completed,96
O803,2026-09-27,C01,completed,121
O804,2026-09-21,C01,completed,150
O805,2026-09-23,C01,cancelled,114
O806,2026-09-24,C01,cancelled,147
O807,2026-09-23,C01,completed,136
O808,2026-09-27,C01,cancelled,153
O809,2026-09-22,C01,completed,158
O810,2026-09-23,C01,completed,95
O811,2026-09-27,C01,completed,123
O812,2026-09-22,C01,completed,114
O813,2026-09-25,C01,completed,115
O814,2026-09-25,C01,completed,159
O815,2026-09-25,C02,completed,99
O816,2026-09-26,C02,completed,120
O817,2026-09-26,C02,completed,148
O818,2026-09-21,C02,completed,156
O819,2026-09-23,C02,completed,178
O820,2026-09-24,C02,completed,171
O821,2026-09-23,C02,completed,141
O822,2026-09-22,C02,completed,105
O823,2026-09-21,C02,completed,168
O824,2026-09-22,C02,completed,165
O825,2026-09-21,C02,completed,180
O826,2026-09-21,C02,completed,115
O827,2026-09-22,C03,completed,112
O828,2026-09-26,C03,completed,105
O829,2026-09-21,C03,completed,84
O830,2026-09-22,C03,cancelled,102
O831,2026-09-21,C03,completed,92
O832,2026-09-22,C03,completed,73
O833,2026-09-26,C03,completed,84
O834,2026-09-27,C03,completed,73
O835,2026-09-25,C03,completed,107
O836,2026-09-27,C03,completed,63
O837,2026-09-21,C03,completed,108
O838,2026-09-27,C03,completed,80
O839,2026-09-26,C03,completed,86
O840,2026-09-21,C03,completed,75
O841,2026-09-25,C03,completed,110
O842,2026-09-21,C03,completed,115
O843,2026-09-24,C03,completed,71
O844,2026-09-25,C03,completed,71
O845,2026-09-22,C03,completed,80
O846,2026-09-26,C03,completed,76
O847,2026-09-23,C03,cancelled,74
O848,2026-09-27,C03,cancelled,76
O849,2026-09-27,C03,completed,76
O850,2026-09-23,C03,completed,68
O851,2026-09-21,C03,completed,115
O852,2026-09-21,C03,completed,108
O853,2026-09-26,C03,cancelled,92
O854,2026-09-21,C04,completed,130
O855,2026-09-27,C04,completed,109
O856,2026-09-25,C04,completed,126
O857,2026-09-21,C04,completed,135
O858,2026-09-23,C04,completed,146
O859,2026-09-22,C04,cancelled,90
O860,2026-09-25,C04,completed,86
O861,2026-09-21,C04,completed,106
O862,2026-09-21,C04,cancelled,137
O863,2026-09-25,C04,completed,140
O864,2026-09-22,C04,completed,101
O865,2026-09-25,C05,completed,127
O866,2026-09-27,C05,completed,83
O867,2026-09-25,C05,completed,113
O868,2026-09-24,C05,completed,129
O869,2026-09-21,C05,completed,107
O870,2026-09-27,C05,completed,77
O871,2026-09-26,C05,completed,72
O872,2026-09-22,C05,completed,109
O873,2026-09-22,C05,completed,100
O874,2026-09-26,C05,completed,114
O875,2026-09-24,C05,completed,129
O876,2026-09-23,C05,completed,103
